email,name,password
kbuttress0@1und1.de,Karrie Buttress,JcfoKBYAB4k
baymer1@hp.com,Bob Aymer,ZEE54kg
zboulding2@macromedia.com,Zilvia Boulding,VJyMV1Zat
emollon3@bloglovin.com,Emalee Mollon,XUIeJ693h
mmulberry4@cmu.edu,Maria Mulberry,oWspnl
lby5@mozilla.com,Levey By,GdtcUU
beates6@last.fm,Baron Eates,UQw6VeA
tvink7@fotki.com,Trip Vink,49znXd7haFGz
bterbeck8@about.me,Boonie Terbeck,unCjJTF7sjs
atraviss9@auda.org.au,Alonzo Traviss,dLuVMAg
nwitteringa@google.com.br,Natassia Wittering,tQlUG4n
fbrookeb@nba.com,Felice Brooke,s9y9Mcfgy1g
cviccaryc@amazon.co.uk,Carlen Viccary,9qd747vh
hgethingsd@sogou.com,Hendrik Gethings,zzN5c4
dgirodiase@stanford.edu,Dunc Girodias,j9QW6GQI
btanmanf@smh.com.au,Bibbie Tanman,1aukKNEIneq
bbartolettig@simplemachines.org,Barnabas Bartoletti,3chTNtqhoo
nculliph@fc2.com,Nixie Cullip,2UdKIR2f
mpimblotti@xing.com,Matilde Pimblott,nGZ8disdg
askurrayj@un.org,Al Skurray,bL9tAf
